"LGA","Density","Installations","Capacity","IRSAD","Median Age - Persons (years)","Population density (persons/km2)","Total born overseas (%)","Bachelor Degree (%)","Completed Year 12 or equivalent (%)"
"Adelaide (C)",19.6,1337,10338,1058,30.8,1512.3,44.2,24.4,72.5
"Adelaide Hills (DC)",37.6,6478,34190,1072,43.8,49.9,16.9,19.5,56.9
"Albany (C)",16.4,2987,11065,968,42.4,8.6,18.9,9.6,40.5
"Albury (C)",18.8,5115,27597,956,38.3,170.5,10.8,11.3,41.2
"Alexandrina (DC)",43.9,7185,28037,961,50,14.5,16.2,9.1,38.4
"Alpine (S)",25.2,1783,8101,970,48.5,2.6,13.7,10.7,38.2
"Anangu Pitjantjatjara (AC)",1.9,20,226,717,27.3,0,2.9,4.6,20.4
"Ararat (RC)",20.1,1108,4885,931,45.7,2.8,9.5,7.6,32.2
"Armadale (C)",33.6,12402,49575,985,33.3,146.6,34.5,11.6,48.5
"Armidale Regional (A)",20.3,2690,13380,976,35.6,3.5,12.3,13.6,50.9
"Ashburton (S)",2.1,84,652,1011,36,0.1,26.5,8.5,41.9
"Augusta-Margaret River (S)",19.3,1653,7575,1005,39,7,21.1,15.8,52.2
"Aurukun (S)",0.7,5,91,641,28.4,0.2,2.1,2.4,16.4
"Ballarat (C)",13.4,6630,33953,965,37.3,140,9.5,12.8,45.3
"Ballina (A)",36.4,7314,29350,987,47.1,88.7,11,13.6,41.6
"Balonne (S)",25.4,606,3614,963,39,0.1,6,8.9,39.5
"Balranald (A)",15.8,211,154436,927,40.2,0.1,6.3,5.2,28.5
"Banana (S)",25.3,1755,8674,973,36.7,0.5,8.2,7.6,38.2
"Banyule (C)",12.2,5979,24481,1055,39.1,2037.8,23.4,20.6,60.9
"Barcaldine (R)",20.4,381,38190,972,41.4,0.1,5.7,9.3,39.4
"Barcoo (S)",15,30,221,965,45.5,0,3.4,5.2,32.8
"Barossa (DC)",42.6,4878,28503,987,43.1,27.1,11.4,9.8,40.4
"Barunga West (DC)",39.9,774,3265,934,54,1.6,7.8,5.4,28.4
"Bass Coast (S)",19.1,5162,22679,945,49.1,38.7,14.4,9.2,36.6
"Bassendean (T)",25.7,1802,6979,1008,38.5,1509.2,28.6,15.6,52.7
"Bathurst Regional (A)",17.9,3383,17636,973,36.4,11.1,8.6,11.3,42.3
"Baw Baw (S)",25.4,5582,26049,976,41.8,12.2,10.8,9.6,38.2
"Bayside (C)",10.4,3989,16937,1125,43.4,2765.6,25.3,26.3,68.1
"Bayswater (C)",21.5,6262,23490,1024,37.2,1987.2,39.2,18.4,58.4
"Bega Valley (A)",26.1,4607,17111,951,50.3,5.4,11.6,10.5,37.7
"Bellingen (A)",32.8,2037,7903,954,48.1,8.1,11.8,13.4,40.3
"Belmont (C)",19,3435,15695,987,34.3,1040.8,40.5,15.4,53.4
"Benalla (RC)",26.6,1731,7455,936,48.6,5.9,7.8,8,34.4
"Berri and Barmera (DC)",35.8,2019,15177,899,44.2,22.8,11.8,6.7,32.6
"Berrigan (A)",29.7,1404,183759,935,48.3,4.2,7.7,7,29.5
"Beverley (S)",39.7,362,1205,947,51.4,0.7,17.2,6.8,32.5
"Blackall-Tambo (R)",19.8,227,1428,940,46.1,0.1,4.5,6.3,34.4
"Blacktown (C)",21.2,23897,95630,993,33.3,1449.8,40.4,15.5,55.3
"Bland (A)",23.2,707,4946,954,41.8,0.7,4.8,6.8,28
"Blayney (A)",19.9,669,3615,965,41.5,4.8,6.2,9.5,35.5
"Blue Mountains (C)",21.1,7296,25625,1042,43.5,55.1,16.8,17.6,54.8
"Boddington (S)",26.8,239,1079,978,39.7,1,17.2,8.6,37
"Bogan (A)",30.8,431,104116,938,40,0.2,4.5,7.3,30.1
"Boroondara (C)",10.1,5578,23997,1128,37.7,2945.9,30.9,30.3,74.8
"Boulia (S)",15.8,47,356,872,33.8,0,5.4,3.4,31.3
"Bourke (A)",32.9,485,2835,932,35.8,0.1,3.8,8.2,28.4
"Boyup Brook (S)",20.3,202,794,974,48.1,0.6,13.6,8.9,38.1
"Brewarrina (A)",24.6,180,938,818,32.5,0.1,2.1,6.4,24.5
"Bridgetown-Greenbushes (S)",25.1,630,2304,959,48.5,3.5,22.6,9.6,39.3
"Brimbank (C)",16.6,11766,49970,930,35.2,1654.7,47.8,12.1,52.3
"Brisbane (C)",33.2,124091,536088,1060,34.5,882.4,30.6,22.1,66.7
"Broken Hill (C)",40.2,3913,66981,887,44,106.5,4.5,6,24.9
"Brookton (S)",28.8,145,709,938,46.2,0.6,10.5,5.8,34
"Broome (S)",3.7,490,5695,979,32.7,0.3,14.9,12.5,44.5
"Broomehill-Tambellup (S)",16.7,87,339,950,37.8,0.4,9.9,7.7,38.1
"Bruce Rock (S)",34.5,171,729,962,45.3,0.3,12.2,9.2,39
"Bulloo (S)",25.6,59,719,970,41.2,0,6.2,4.5,34.3
"Buloke (S)",24.9,829,4469,949,50.5,0.8,5.5,7.4,30
"Bunbury (C)",25.3,3713,14467,941,40.5,497.9,20.5,9.8,38
"Bundaberg (R)",37.3,16570,143988,909,44.6,14.7,11.9,7.5,34.3
"Burdekin (S)",34.8,2916,274821,934,43.8,3.4,8.3,6.3,33.9
"Burke (S)",5.7,10,182,921,36.2,0,7,4.7,33.9
"Burnside (C)",28.1,5665,27542,1100,43.4,1643.1,30.4,27.4,69.2
"Burwood (A)",10.7,844,3624,1043,33,5406.2,57.2,23.2,70.4
"Busselton (C)",25.8,5505,22331,993,41.6,26,18.2,11.1,43.4
"Byron (A)",36.2,5612,24163,1003,44,59,17.8,17.2,50.7
"Cabonne (A)",24.6,1554,63890,997,42.3,2.3,5.9,10.6,37.3
"Cairns (R)",28,17088,89304,971,36.9,95.6,21.4,11.9,49
"Cambridge (T)",23.5,2189,9843,1153,39.5,1274.9,29.1,31.8,72.6
"Camden (A)",20.3,6364,32638,1056,33,399.3,17.6,11.7,47.2
"Campaspe (S)",28.4,5164,27440,943,44.6,8.3,6.8,7.4,30.6
"Campbelltown (C) (NSW)",20.5,11569,45160,948,34,518,31.4,10.6,47.4
"Canada Bay (A)",10.1,1896,9007,1107,36.4,4644.5,40.5,24.8,68.3
"Canning (C)",32.6,11802,46995,1031,34.3,1444.7,50.2,20.5,63.5
"Canterbury-Bankstown (A)",12.2,11617,51080,961,35,3282.6,44,14,55.7
"Capel (S)",30.1,2370,8911,1009,35.7,31.1,21.8,11.4,43.8
"Cardinia (S)",20.4,8484,39646,996,33.9,76.1,18.9,9.8,44.6
"Carnamah (S)",22,92,499,968,44.7,0.2,14.4,5.3,36.5
"Carnarvon (S)",3.6,229,3347,942,38.3,0.1,17.3,7.9,33.2
"Carpentaria (S)",9.4,144,6199,874,37.5,0,7.3,5.4,28.4
"Carrathool (A)",20.7,309,4114,964,38.9,0.1,9.7,8.4,33.6
"Casey (C)",24.1,27170,110351,991,33.6,764,38.2,11.7,52.3
"Cassowary Coast (R)",23.3,3339,18546,912,43.4,6.2,13.9,6.7,36.2
"Ceduna (DC)",25.2,546,3181,942,38,0.7,6.6,6.8,30.4
"Central Coast (C) (NSW)",17.9,24879,104114,975,41.8,200.2,14.6,10.3,40.3
"Central Darling (A)",29.7,339,1711,855,37,0,4.4,4.2,22.4
"Central Goldfields (S)",26.7,1881,9531,870,49.5,8.5,8.9,5.5,29.3
"Cessnock (C)",21.6,5303,25230,904,37.4,28.9,6.3,5.6,27.5
"Chapman Valley (S)",26.5,168,750,1028,42.9,0.4,13.1,10.4,38.4
"Charles Sturt (C)",29,14659,65518,980,40.7,2098.7,27.5,14.7,51.6
"Charters Towers (R)",21.9,1303,6681,914,39.7,0.2,5.5,6.5,33.2
"Cherbourg (S)",24.8,133,614,566,21.1,40.9,0.4,0,15.9
"Chittering (S)",44.5,1068,5171,1025,42.5,4.5,23.1,6.3,36.6
"Clare and Gilbert Valleys (DC)",36.9,1779,9035,976,46,4.9,9.4,10.5,38.3
"Claremont (T)",24.9,936,5277,1133,42.1,2145.5,29.7,31,71.3
"Clarence Valley (A)",30.1,7434,32348,908,48.2,5,7.5,7.4,30.1
"Cleve (DC)",34.5,391,1874,981,43.4,0.4,4.7,7,35
"Cloncurry (S)",10.2,191,1443,946,34,0.1,8.6,8.3,38.9
"Cobar (A)",34.7,799,3466,951,35.4,0.1,7,6.8,29.5
"Cockburn (C)",33.2,14838,62764,1033,35.3,645,34.1,14.6,53.4
"Coffs Harbour (C)",27.3,8213,33783,954,43.1,63.6,13.9,11.1,38.7
"Colac-Otway (S)",14.4,1873,10446,939,44,6.2,8.6,8.5,35.7
"Collie (S)",30.1,1271,4609,899,40.5,5.2,11.2,4.3,26.7
"Coober Pedy (DC)",1.3,27,9595,884,44.9,23.4,26,7.9,33
"Cook (S)",12.7,294,16518,915,41.1,0,13.8,7.8,36.7
"Coolamon (A)",25.2,490,2457,960,43.2,1.8,3.8,7.8,29.1
"Coolgardie (S)",9.6,190,1107,905,33.2,0.1,18.3,4.4,28.3
"Coonamble (A)",31.1,656,3379,883,42.3,0.4,2.7,6.2,27.7
"Coorow (S)",21.6,215,18563,938,51.2,0.3,11,6.1,31
"Copper Coast (DC)",38.4,3516,15057,898,49.8,18.7,9.1,5.5,27.3
"Corangamite (S)",17.1,1431,9010,959,45.5,3.7,6.3,7.9,32.5
"Corrigin (S)",31.6,184,752,967,44.1,0.4,10.2,7.9,36.8
"Cottesloe (T)",18.8,558,2594,1163,41.5,2102.7,25,35.1,75.1
"Cowra (A)",21.7,1328,7028,910,45.8,4.5,6.1,7.1,28.4
"Cranbrook (S)",14.5,87,429,972,44.9,0.3,16,6.7,38.3
"Croydon (S)",18.9,30,191,897,40.8,0,3.7,5.2,22.7
"Cuballing (S)",34.7,147,596,988,46.1,0.7,12.4,5.8,33.2
"Cue (S)",11,18,82,905,48.5,0,13.9,4.8,29.5
"Cumberland (A)",13.5,7285,32853,959,32.6,3154.3,52.2,15.3,57.5
"Cunderdin (S)",26,172,1024,983,37.1,0.8,16.8,6.7,38.7
"Dalwallinu (S)",21.8,161,858,1014,37.6,0.2,17.7,7.6,46.5
"Dandaragan (S)",21.7,694,28990,983,46.9,0.5,13.5,7.6,35
"Dardanup (S)",36,2237,8169,980,36.5,27.1,16.6,7.7,37.5
"Darebin (C)",12.1,7265,28104,1020,35.7,2901.1,33.2,20.9,62.7
"Denmark (S)",21.2,744,2882,988,48.3,3.2,22.7,13.7,47
"Derby-West Kimberley (S)",2.1,137,2164,796,29.6,0.1,7.9,6.8,30.8
"Diamantina (S)",6.5,20,161,979,29.7,0,6.2,9.2,43.1
"Donnybrook-Balingup (S)",34.6,1073,4341,980,45.9,3.8,17.3,9.3,36.1
"Doomadgee (S)",5.9,46,1036,660,21.3,0.8,1.6,2.7,15
"Douglas (S)",26,1605,8511,959,43,5,20,10,45.1
"Dowerin (S)",18.7,77,364,980,42.8,0.4,8,6.6,38.8
"Dumbleyung (S)",19.4,79,396,996,42.3,0.3,9.2,11.9,47.6
"Dundas (S)",5.8,40,320,873,46.3,0,19.8,4.6,24.3
"Dungog (A)",24.1,1099,5562,973,44.5,4,4.8,8.9,31.8
"East Fremantle (T)",23.7,669,2679,1119,42.3,2447.1,23.6,26.7,67.5
"East Gippsland (S)",23.6,6121,26711,937,49.6,2.2,10.8,7.9,33.5
"East Pilbara (S)",2.1,98,1999,945,33.6,0,19.9,7.1,37
"Edward River (A)",23.3,1056,6435,941,44.3,1,6.4,7.7,32.3
"Elliston (DC)",26.9,191,1059,969,45.9,0.2,6,8.7,36.3
"Esperance (S)",8.5,573,2462,975,39.3,0.3,12.4,7.3,36.4
"Etheridge (S)",19,84,63698,929,45,0,6.9,4.9,25.7
"Eurobodalla (A)",20.6,4768,19442,938,53.1,11.1,13.3,9.2,36.3
"Exmouth (S)",3.7,154,2004,1007,37.3,0.4,16.3,11.6,43
"Fairfield (C)",18.5,10428,48635,896,36.1,2026.2,53.9,9.2,48.2
"Federation (A)",33,2087,11497,936,48.4,2.2,6.9,6.4,29.9
"Flinders Ranges (DC)",38.1,435,1804,921,48.7,0.4,6.9,7.4,29.7
"Forbes (A)",17.5,852,5088,937,41.2,2.1,4,7.7,32
"Franklin Harbour (DC)",30.4,308,1461,942,48.9,0.5,5.2,3.8,27.9
"Frankston (C)",16.2,9965,41169,981,38,1076.4,21.4,10.5,46.4
"Fraser Coast (R)",39.5,19686,173879,899,47.5,14.5,13.9,6.7,32.7
"Fremantle (C)",22.7,2961,11280,1047,41.5,1594.4,30.1,22.1,59.7
"Gannawarra (S)",27.6,1580,70110,934,48.7,2.8,5.2,6.2,26.1
"Gawler (T)",35.8,3936,17744,936,40.8,567.7,17.6,7.7,38.9
"Georges River (A)",12.2,4502,17977,1043,36.4,3994.2,45.5,20.5,65.1
"Gilgandra (A)",31.2,660,3054,906,44.6,0.9,3.6,7,27.4
"Gingin (S)",27.7,1229,6504,958,46.9,1.7,23.5,6.6,34.8
"Gladstone (R)",29.3,8538,37143,964,35.3,6,14.4,8.6,42
"Glen Eira (C)",9.7,4626,18240,1092,36.8,3840.3,36,27,71.2
"Glen Innes Severn (A)",23.8,1049,25337,909,46.6,1.6,6.6,6.8,28.9
"Glenelg (S)",18.3,1840,7743,925,46.6,3.2,7.6,6.7,30.2
"Gnowangerup (S)",17.6,133,651,990,41,0.3,14.1,7.8,40.7
"Gold Coast (C)",34.9,69234,305394,1009,38.1,431.4,28.2,12.6,51.9
"Golden Plains (S)",28.5,2642,12099,1004,39,8.1,9.3,9.9,40.5
"Goomalling (S)",26,138,721,963,45,0.6,9.7,7.2,37.3
"Goondiwindi (R)",25.3,1299,7896,957,38.9,0.6,5.9,8.8,38.7
"Gosnells (C)",36.1,17228,61426,981,34.2,958.5,43.2,12.5,50.4
"Goulburn Mulwaree (A)",17.6,2631,14875,946,41.3,9.4,9.9,8,35.1
"Goyder (DC)",32.9,766,3409,934,47.5,0.6,9.9,6.2,31.9
"Grant (DC)",26.2,1065,6689,983,43.2,4.4,7.3,6.2,30.7
"Greater Bendigo (C)",20.7,11314,52196,961,38.3,37.4,8,11.4,41.2
"Greater Dandenong (C)",14.9,8619,50021,915,34.6,1236.8,57.6,11.9,52.8
"Greater Geelong (C)",16.9,19392,85300,980,39.3,191.9,16.2,13.2,46.4
"Greater Geraldton (C)",25.2,4649,29813,956,37.5,4,14.7,7.8,37
"Greater Hume Shire (A)",31.4,1545,8611,969,43.2,1.8,5.9,8.7,33.6
"Greater Shepparton (C)",23.5,7218,38053,937,38.6,26.9,14.8,8.5,36.1
"Griffith (C)",17.4,2014,52802,943,36.5,16.1,18.8,8,34.2
"Gunnedah (A)",21.4,1233,6835,943,38.5,2.5,4.8,8,31.9
"Gwydir (A)",27.2,765,4136,936,46.8,0.6,4,7.1,30
"Gympie (R)",41,10146,42673,903,45.7,7.3,10.7,6.4,33.6
"Halls Creek (S)",1.2,28,385,718,27.6,0,5.8,5.4,21.4
"Harvey (S)",34,4043,16081,984,37.6,15.6,19.1,8.5,37.6
"Hawkesbury (C)",18,4855,27671,1014,37.2,23.9,12.3,9.2,39.5
"Hay (A)",18.8,343,2656,922,45.2,0.3,6.4,5.8,31.7
"Hepburn (S)",23.5,2153,8841,979,49.3,10.5,13.1,12.6,43.2
"Hilltops (A)",23,2171,11535,932,43.4,2.6,6.2,7.8,31.6
"Hinchinbrook (S)",27.5,1551,6788,929,49.7,3.9,9.6,6.1,33.9
"Hindmarsh (S)",26.4,798,3495,931,49.2,0.8,8.3,6.9,28.7
"Hobsons Bay (C)",13.7,5017,20481,1020,38.1,1454.6,30.4,17.5,56.4
"Holdfast Bay (C)",29.4,4688,19683,1042,45.8,2656.8,22.3,18.8,56.1
"Hope Vale (S)",14.4,76,472,699,25.8,0.9,1.5,2.7,23
"Hornsby (A)",16.1,7089,29668,1115,39.8,323.9,36.9,24.7,68.7
"Horsham (RC)",21.2,1971,9329,958,41.1,4.7,6,9.3,37
"Hume (C)",18.8,13931,72373,947,32.8,410.9,35.7,10.5,50
"Hunters Hill (A)",10.1,414,1816,1143,42.5,2563.6,26.3,25.8,66.9
"Indigo (S)",39.4,2800,11949,995,45.7,7.9,8.5,11.8,40.2
"Inner West (A)",9.2,4421,19963,1097,36.4,5405.3,34.2,26.9,69.6
"Inverell (A)",27.6,2010,10307,904,41.5,2,6.3,7.3,31.3
"Ipswich (C)",34.5,27496,111981,948,32.3,182.9,20.1,8.8,46.9
"Irwin (S)",31.7,627,2589,956,48.6,1.5,13.4,5.5,31.9
"Isaac (R)",10,1101,180297,987,31.8,0.4,10,8.4,41.6
"Jerramungup (S)",11.2,92,461,1017,39.8,0.2,11.5,9.8,45.7
"Joondalup (C)",37.1,22548,81165,1079,39.4,1626.6,37.8,17.2,58.8
"Junee (A)",20.8,509,2640,927,38.9,3.2,7.5,6.3,25.9
"Kalgoorlie/Boulder (C)",13.1,1800,9236,991,32.3,0.3,23.8,8.9,40.4
"Kangaroo Island (DC)",29.9,1008,4363,948,48.2,1.1,13.1,9.7,38.3
"Karoonda East Murray (DC)",32.4,220,978,947,48.5,0.3,6.2,6.3,28.8
"Karratha (C)",4.8,504,4401,1035,31.3,1.5,20.6,10.5,44.5
"Katanning (S)",20.4,379,1630,907,39,2.8,20.2,6.6,31.7
"Kellerberrin (S)",24.7,149,719,910,47.3,0.6,10.8,6.4,30.1
"Kempsey (A)",26.5,3489,14241,877,46.6,8.7,7.1,6.3,26.7
"Kent (S)",10.2,32,151,1046,39.4,0.1,9.3,9.6,43.8
"Kiama (A)",21.3,2002,7929,1056,46,85.8,13.8,16.5,48.2
"Kimba (DC)",29.8,185,869,1004,39.1,0.2,4,6.8,38
"Knox (C)",18.1,11114,47994,1032,38.7,1407.7,30.1,15.7,55
"Kojonup (S)",20.4,203,930,991,44.3,0.7,12.3,11.4,43.8
"Kondinin (S)",17.2,85,604,979,43.5,0.1,13.9,7.9,40.5
"Koorda (S)",18.8,51,289,935,45.6,0.2,11.1,4.5,38.7
"Kowanyama (S)",0.6,3,67,676,28.4,0.4,1.8,2.4,21.5
"Ku-ring-gai (A)",11.8,4130,18678,1166,41.1,1433.9,38.9,30.7,76.4
"Kulin (S)",21.8,111,470,1021,42.2,0.2,9.9,9.7,49.4
"Kwinana (C)",34.2,5834,23422,960,32.1,333.8,34.3,10.5,45.1
"Kyogle (A)",33.8,1548,6015,905,49.4,2.5,9.5,8.2,30.1
"Lachlan (A)",30.5,961,5666,922,39,0.4,3.7,6.3,31.1
"Lake Grace (S)",14.4,113,603,1017,40.4,0.1,11.3,11.1,44
"Lake Macquarie (C)",20.1,17046,67603,979,41.7,311.9,10,11.3,38.3
"Lane Cove (A)",13.2,981,4569,1154,36.3,3597,36.1,32,77.5
"Laverton (S)",3.7,17,194,770,35.8,0,20.3,5.9,32.4
"Leeton (A)",18.2,989,7229,935,38.7,9.8,8.1,7.5,27.7
"Leonora (S)",34.1,229,4491,932,34.1,0,17.8,6.6,35.6
"Light (RegC)",43.7,2889,14715,996,38.9,11.8,11.7,8.7,41
"Lismore (C)",35.7,6857,28288,942,42.4,34.3,9.4,12.7,40.3
"Lithgow (C)",16.8,1708,7551,908,44.2,4.8,9.3,6.3,28.2
"Liverpool (C)",19.1,11941,52710,972,33.4,693.3,40.7,11.8,52.1
"Liverpool Plains (A)",19.6,758,3665,906,44.4,1.5,4.4,6.2,28.7
"Livingstone (S)",30.6,5154,20919,974,41.9,3.1,10.1,8.9,39
"Lockhart (A)",29.8,444,2298,971,44.9,1.1,4.7,7.3,30.6
"Lockhart River (S)",0.4,2,51,696,25.8,0.2,1.7,3,21.7
"Lockyer Valley (R)",45.1,7283,36092,932,38.2,17.4,13,7,37.1
"Loddon (S)",28.9,1163,7143,932,50.8,1.1,8.1,6.4,27.3
"Logan (C)",40.1,46567,191538,946,33.8,328.3,27.3,8.4,46.8
"Longreach (R)",15.4,398,20125,982,39,0.1,6.8,10.2,43.5
"Lower Eyre Peninsula (DC)",33.7,1047,5286,992,42.1,1.2,6.5,8.1,34.9
"Loxton Waikerie (DC)",42.6,2559,18568,931,45.5,1.5,8.1,6.3,30.2
"Macedon Ranges (S)",25.4,5239,25732,1047,41.9,27.2,12.4,14.7,50
"Mackay (R)",25.9,13708,68963,966,37,15.4,11.7,8.2,40.2
"Maitland (C)",21.5,7417,38888,966,35.4,201.9,7.9,9.4,37.2
"Mandurah (C)",37.1,15815,53005,958,42.7,476.4,27.5,8,39.4
"Manjimup (S)",17.5,945,4934,944,44.2,1.3,15,7.4,35.6
"Manningham (C)",13.2,5840,25028,1076,42.6,1081.4,39.8,22.1,63.5
"Mansfield (S)",21.5,1337,6745,986,47,2.3,11,10.6,39.8
"Mapoon (S)",0,0,3,763,27.4,0.6,1,3.6,19.6
"Maranoa (R)",29.2,2092,8942,982,36,0.2,7.1,9.1,39.6
"Mareeba (S)",27.8,2952,16613,926,42.6,0.4,16.5,7.9,35.7
"Maribyrnong (C)",10.6,3176,14120,1019,33.5,2784.3,40,22.7,66.1
"Marion (C)",32.2,12696,50881,991,38.6,1626.7,27.3,15.8,54.2
"Maroondah (C)",13.4,6333,28106,1034,38,1869.4,23.1,16.5,55.3
"McKinlay (S)",14.8,89,3861,992,38.6,0,7.3,8.9,40.6
"Meekatharra (S)",16,57,11233,862,34.1,0,14.1,7.6,30.6
"Melbourne (C)",7.5,975,11138,1071,28.3,3911.4,55.7,30,77
"Melton (C)",20.4,10832,43628,981,32.7,268.1,29.9,11.7,50.9
"Melville (C)",27.3,11451,44045,1089,40.7,1936.4,34.4,23.4,64.2
"Menzies (S)",6.8,12,103,804,35.8,0,15.1,6.8,32.4
"Merredin (S)",24.3,417,3018,953,37.1,1,15.5,7.3,39
"Mid-Coast (A)",26.9,12125,49412,911,51.3,9.1,9.3,7.3,29.3
"Mid-Western Regional (A)",21.1,2633,124327,942,41.4,2.8,7.5,8.4,32.9
"Mid Murray (DC)",34.2,2395,13244,900,50.3,1.4,10.6,5.1,27.9
"Mildura (RC)",18.3,4769,148788,921,39.7,2.5,10.8,7.8,33.5
"Mingenew (S)",23.3,76,384,992,41.3,0.2,8.6,9.5,40.5
"Mitcham (C)",34.7,8969,41442,1070,41.2,880,22.5,23.4,63.3
"Mitchell (S)",24.9,4463,18988,972,36.7,14.6,11.5,7.5,38.8
"Moira (S)",32.6,4763,154762,930,45.9,7.3,9.2,6.4,30.1
"Monash (C)",14,9288,39364,1060,36.4,2364,48.9,22.6,67.9
"Moonee Valley (C)",11.2,4801,19618,1046,37.7,2848.3,27.6,21.2,61.1
"Moora (S)",21.2,292,1488,960,40.6,0.7,10.6,7.5,39.4
"Moorabool (S)",23.6,3356,13753,988,39.3,15.5,12.3,9.6,41.2
"Morawa (S)",17.5,79,441,947,39.2,0.2,9.9,8.3,40.4
"Moree Plains (A)",42.9,2619,82960,919,37,0.8,5.2,8,33.1
"Moreland (C)",10.4,6684,27027,1026,34.5,3381.5,33.9,21.6,63.6
"Moreton Bay (R)",41.5,71396,291396,982,37.5,215.2,19.6,10.2,47.7
"Mornington (S)",0.5,4,87,715,26.6,1,3.2,5.7,24.5
"Mornington Peninsula (S)",15.9,14775,62309,1013,45.3,223.1,17.8,12.1,46.3
"Mosman (A)",8.7,566,2574,1165,41.9,3498.1,33.3,31.6,75.8
"Mosman Park (T)",19.5,618,2790,1114,39.3,2108.7,31.9,28.6,69.6
"Mount Alexander (S)",31.7,3145,11830,979,48.4,12.5,11.4,13.8,43.4
"Mount Barker (DC)",39.1,6103,31415,1012,38.8,57,13.9,13,49.3
"Mount Gambier (C)",18.4,2254,11084,902,39,798.4,10.8,7.1,34.2
"Mount Isa (C)",19.4,1600,8818,972,30.8,0.4,16.1,9.4,44.4
"Mount Magnet (S)",11.2,43,224,870,40.8,0,12.4,6.1,24.9
"Mount Marshall (S)",11.4,50,328,1003,41,0.1,9.9,6.8,47
"Mount Remarkable (DC)",38.7,694,3294,965,52.2,0.9,7.2,7,30.2
"Moyne (S)",16.3,1445,7496,998,42.7,3.1,7.2,10.2,38.3
"Mukinbudin (S)",24.4,81,388,998,43.2,0.2,11.2,8,34.9
"Mundaring (S)",34.3,5353,20843,1036,41.7,61,24.2,11.9,45.6
"Murchison (S)",14.1,11,324,869,40,0,8.5,7.6,22.1
"Murray (S)",41.8,3593,12861,947,43.5,10.1,18,5.6,32.9
"Murray Bridge (RC)",35.7,3949,25654,878,40.1,11.8,14.7,5.3,32.2
"Murray River (A)",24.8,1666,11567,969,47.7,1,7,7.9,31.4
"Murrindindi (S)",27.7,2132,9507,973,47.8,3.6,11,9.1,37.4
"Murrumbidgee (A)",25,514,191731,947,40,0.6,6,7.4,30.2
"Murweh (S)",23.9,573,3756,935,38.6,0.1,6.8,8.5,36.6
"Muswellbrook (A)",14.1,1194,6730,917,34.7,4.8,7.9,6,29.6
"Nambucca (A)",30.1,2807,10040,896,50.4,13.1,9.1,7.9,30.2
"Nannup (S)",27.6,241,904,951,52.3,0.4,20.9,9.4,39.2
"Napranum (S)",0.2,1,15,665,24.5,0.5,2,1.4,26.9
"Naracoorte and Lucindale (DC)",26.1,1114,6608,954,40.7,1.9,13.6,8.2,36
"Narembeen (S)",22.7,107,623,997,45.6,0.2,13,8.5,39.7
"Narrabri (A)",48.4,2955,11523,938,39.1,1,4.2,7.7,31.7
"Narrandera (A)",20.8,615,4613,919,43.3,1.4,4.7,6.7,27.4
"Narrogin (S)",21.6,532,2400,947,39.4,3.2,14.2,8.2,36.1
"Narromine (A)",37,1127,16890,927,41.4,1.3,3.6,7.8,31.8
"Nedlands (C)",23,1649,7714,1161,41,1125.4,31.7,33.7,76.9
"Newcastle (C)",15.9,10036,41828,996,36.5,860.5,13.9,16.4,50.5
"Ngaanyatjarraku (S)",2.1,13,131,689,29,0,3.5,3.4,14.3
"Nillumbik (S)",18.2,4125,17743,1093,40.3,148.4,15.6,18.9,59.5
"Noosa (S)",39.5,9986,42646,999,47.8,62,21.6,12.8,49.7
"North Burnett (R)",26.5,1524,6652,908,45.8,0.5,9.3,5.8,30.1
"North Sydney (A)",7.4,742,3553,1159,37,6848.3,37.8,34.6,78.9
"Northam (S)",28.7,1508,18424,930,41,7.9,19.9,6,32.1
"Northampton (S)",19.4,507,2298,937,49.5,0.3,12.3,5.7,32.8
"Northern Areas (DC)",40.5,1013,4700,961,46.7,1.5,6.9,8.2,34.7
"Northern Beaches (A)",13.3,9438,39604,1120,39.9,1044.3,28.8,22.7,64.9
"Northern Grampians (S)",21.6,1325,6476,921,47.7,2,7.4,7.4,33
"Northern Peninsula Area (R)",0.7,22,400,771,21.8,2.8,2.9,5,44.3
"Norwood Payneham St Peters (C)",25.7,4167,21442,1043,39.8,2409.8,30.2,24.2,64.4
"Nungarin (S)",20.2,26,102,944,44.6,0.2,10.9,6.8,36.4
"Oberon (A)",19.4,510,2483,951,44.1,1.5,9,7.1,31.6
"Onkaparinga (C)",39.1,29203,113581,960,39.3,326.9,21.1,9.8,44.3
"Orange (C)",16.7,3172,17918,968,36.6,145,9.4,12.5,41.2
"Orroroo/Carrieton (DC)",43.3,224,1175,977,53,0.3,7.6,8.1,32.7
"Palm Island (S)",30.7,385,1809,673,24.4,35.9,1.9,2.9,24.4
"Parkes (A)",25.5,1748,75789,927,40.2,2.5,5.3,7.3,31.3
"Paroo (S)",31.2,277,1340,906,43.9,0,4.3,4.8,33.1
"Parramatta (C)",13.2,7615,33337,1063,34.5,2796.7,49.5,23.7,68.2
"Penrith (C)",18.2,13607,62287,988,34,498.1,21.6,9.5,43.1
"Peppermint Grove (S)",18.7,121,561,1162,40.1,1599.7,25.9,33.5,71.8
"Perenjori (S)",20.9,55,283,998,40.1,0.1,13,6,39.3
"Perth (C)",18.5,760,5790,1087,31.6,1959.2,54.7,27.6,70.8
"Peterborough (DC)",31.8,349,9642,804,53,0.6,10.7,4,23.2
"Pingelly (S)",27.3,160,670,908,49.2,0.9,13.6,4.4,29.2
"Plantagenet (S)",21.2,537,2270,938,45.9,1,19.2,7.5,37.6
"Playford (C)",30,12004,58231,853,32.2,262.3,21.1,4.9,35.4
"Pormpuraaw (S)",0.4,2,53,731,29.7,0.2,4.3,1.6,21.7
"Port Adelaide Enfield (C)",30.8,16736,77135,940,37.1,1351.4,33.3,13.9,49.8
"Port Augusta (C)",35.5,2406,287428,879,38.3,12,6.9,5.9,27.4
"Port Hedland (T)",3.1,239,1066,1017,31.3,0.8,20.4,8.9,41.4
"Port Lincoln (C)",28.4,1977,9801,925,40,478.2,8.2,7.8,35.1
"Port Macquarie-Hastings (A)",30.9,10592,41341,958,47.8,21.7,11.4,9.8,36.1
"Port Phillip (C)",8,1656,8000,1101,35.9,5245.3,31.4,28.7,71.3
"Port Pirie City and Dists (M)",35,3121,22251,873,43.1,10.1,7.8,5.5,29.4
"Port Stephens (A)",22.6,7745,31158,959,44,82.8,11,8.1,34.2
"Prospect (C)",28.8,2485,11215,1052,37.1,2711.2,26.7,22.7,63.6
"Pyrenees (S)",27.3,1011,4718,937,49.5,2.1,9.3,6.9,29.9
"Quairading (S)",30.7,161,587,929,50,0.5,11.1,5.6,31.4
"Queanbeyan-Palerang Regional (A)",20.7,4884,26913,1057,37.6,10.9,17.2,14.1,54.9
"Queenscliffe (B)",19.2,481,1780,1070,59.3,339.9,10.4,20.7,53.3
"Quilpie (S)",19,87,512,947,41.6,0,6.3,7.6,42
"Randwick (C)",10.5,2694,12313,1096,34.4,4099,40.7,24.7,69.3
"Ravensthorpe (S)",10.4,126,662,979,44,0.2,16.9,7.8,38
"Redland (C)",45,26901,98684,1015,41.1,283.4,22.5,11.2,49.7
"Renmark Paringa (DC)",37.2,1769,14747,906,43.2,10.7,13.5,5.9,30.5
"Richmond (S)",20.9,109,784,959,37.4,0,5.8,6.6,35.3
"Richmond Valley (A)",35.6,3595,15595,885,43.8,7.6,5.7,5.8,26.7
"Robe (DC)",18.4,310,1627,984,49.1,1.3,8.5,9,39
"Rockhampton (R)",24.9,9103,41135,935,35.3,12.4,9.4,8.8,41.2
"Rockingham (C)",38.2,21193,75532,986,34.2,500.9,31.7,8,43.6
"Roxby Downs (M)",11.6,240,1801,1014,30.5,36.7,13,10.3,44.8
"Ryde (C)",11.3,3501,14788,1088,35.6,2996.2,46.9,25.4,71.4
"Salisbury (C)",36.5,20579,89874,908,35.2,878,31,8.4,42.6
"Sandstone (S)",24.4,20,92,935,58.6,0,12.4,4.7,24.4
"Scenic Rim (R)",44.1,7679,32681,968,44,9.7,14.2,8.9,41.1
"Serpentine-Jarrahdale (S)",42.6,5037,23334,1022,32.3,30.6,25.3,8.4,43
"Shark Bay (S)",8,109,733,958,41.6,0,18,10,36.8
"Shellharbour (C)",18.8,5142,22651,958,38.4,477.5,16.7,7.6,34.7
"Shoalhaven (C)",18.8,10566,42989,944,47.3,22.3,12.8,8.4,33.9
"Singleton (A)",22.2,2212,12633,974,35.8,4.8,7.9,7.9,34
"Snowy Monaro Regional (A)",18.1,1975,9176,985,43,1.4,12.8,10.8,43.1
"Snowy Valleys (A)",24.3,1720,8170,934,44.2,1.6,8.4,7.5,30.1
"Somerset (R)",48.2,5247,21811,916,42.1,4.7,12.1,6.3,34.2
"South Burnett (R)",32.4,4839,19405,897,44.5,3.9,9.2,6.6,31.5
"South Gippsland (S)",25.8,4372,19965,965,46.3,8.8,11,9,35.5
"South Perth (C)",18.2,3357,13685,1089,36.7,2214.8,36,25.6,67.9
"Southern Downs (R)",31.8,5550,27039,919,44.5,5,10.4,7.7,36
"Southern Grampians (S)",15,1238,5613,969,45.7,2.4,7.4,9.8,35.9
"Southern Mallee (DC)",28.2,321,1755,968,45.1,0.4,10.8,7.3,33
"Stirling (C)",18.8,18020,70987,1040,36.3,2101.4,37.7,20.8,60.7
"Stonnington (C)",7.9,2216,10367,1120,34.6,4327.4,31.4,32.1,75.5
"Strathbogie (S)",30.6,1828,7925,957,51.6,3.1,8.9,9,35.5
"Strathfield (A)",11.8,809,8450,1063,32.5,3029.4,56.3,25.5,72.2
"Streaky Bay (DC)",25.5,495,2738,968,43.5,0.3,4.9,8,35.9
"Subiaco (C)",19.2,1108,5303,1112,39,3029.1,35.5,31.7,73.8
"Sunshine Coast (R)",43.7,52754,221091,999,42.4,134.4,19.5,12.3,48.5
"Surf Coast (S)",18,3586,15470,1064,41.5,19.6,11.4,19.2,55.2
"Sutherland Shire (A)",13.4,9187,39068,1088,39.6,678.9,18,16.6,55.7
"Swan (C)",36,20924,92825,994,33.6,131,32.8,10.5,48.5
"Swan Hill (RC)",22.2,2208,146422,934,39.8,3.4,11.6,7,32
"Sydney (C)",4.7,1393,11934,1095,32.1,8328.1,47.7,29.4,73.6
"Tablelands (R)",24.5,3155,15538,932,46.9,2.2,12.5,8.6,37.8
"Tammin (S)",18.5,42,196,947,39.1,0.4,11.7,8.8,42.5
"Tamworth Regional (A)",19.2,5610,29539,947,39.1,6.2,6.8,9.3,35.6
"Tatiara (DC)",33.4,1082,5800,966,41.6,1,10,6.8,34.1
"Tea Tree Gully (C)",37,15166,58489,1004,40.4,1041.4,23.8,12.3,48.9
"Temora (A)",20.2,596,3080,943,45.2,2.2,4.7,7.9,28.3
"Tenterfield (A)",26.8,1003,4151,902,51.7,0.9,7.7,7.1,29.8
"The Coorong (DC)",34.1,1069,132518,919,45.3,0.6,8.3,5.1,29.6
"The Hills Shire (A)",21.4,11424,49060,1133,37.8,422,35.1,22.6,66.2
"Three Springs (S)",23.8,75,367,972,39.2,0.2,16.5,8.2,40.7
"Toodyay (S)",40.2,964,3234,977,50.2,2.6,21.4,7.2,36.4
"Toowoomba (R)",26.7,19323,189624,974,37.9,12.7,11.7,11.5,44.7
"Torres (S)",2.2,44,569,933,28.1,4.3,6.6,8.7,44.6
"Torres Strait Island (R)",2.3,56,710,759,24.1,9.7,3.9,2.5,43.1
"Townsville (C)",31.6,25550,422499,976,33.8,51.3,13.7,11.5,49.2
"Towong (S)",34,1074,5226,974,49.8,0.9,8.1,8.1,32.4
"Trayning (S)",17.5,42,167,923,50.8,0.2,11.4,4.1,27.4
"Tumby Bay (DC)",36.2,616,2576,960,49.2,1,5.2,7.1,33.7
"Tweed (A)",39.2,15228,60722,956,46.3,71.7,14.6,9.9,38.2
"Unincorporated NSW",29.6,177,695,1028,40.9,0,8.1,8.9,39.9
"Unincorporated SA",9.6,321,5322,900,42.4,0,9.4,5.8,30
"Unincorporated Vic",23.7,157,641,972,31.6,3.2,17.2,13.7,52.5
"Unley (C)",31.2,4496,23435,1082,40.5,2728.7,24.7,26.5,67.8
"Upper Gascoyne (S)",10.5,16,93,737,26.1,0,7.2,3,23
"Upper Hunter Shire (A)",19.4,1356,8189,958,40.1,1.8,7.5,8.2,33.2
"Upper Lachlan Shire (A)",22.5,992,18222,987,47.3,1.1,6.7,8.5,36
"Uralla (A)",22.4,672,3149,966,45.1,1.9,6.5,10.9,39.6
"Victor Harbor (C)",42.3,4157,15031,933,57.1,39,18.9,8.7,35.6
"Victoria Park (T)",16.5,2577,12854,1037,34.3,2042.8,40,21.5,62.9
"Victoria Plains (S)",20.1,104,904,993,45.1,0.4,15.4,9,39.7
"Vincent (C)",18.2,1992,9527,1098,34.4,3135.7,34.5,28.4,68.6
"Wagga Wagga (C)",17.5,4592,26373,978,34.8,13.2,9.3,12.2,43.7
"Wagin (S)",28,268,1040,929,47.4,1,13.7,5.7,33.7
"Wakefield (DC)",39.3,1306,8630,915,43.2,2,10.3,6.5,32.5
"Walcha (A)",17.7,300,1571,970,47.1,0.5,4.9,8.4,34.1
"Walgett (A)",30.1,1078,4440,856,41.4,0.3,9,6.9,29.1
"Walkerville (M)",29,979,4965,1093,43.5,2204.2,27.5,25.6,65.7
"Wandering (S)",27.4,62,264,1004,45.7,0.2,11.7,5.9,39.8
"Wangaratta (RC)",26,3721,16861,962,44.5,7.8,8,10.1,37.1
"Wanneroo (C)",36.2,29101,114945,1010,33,285.1,40.9,11.2,52
"Waroona (S)",32.4,669,2835,930,44.5,5,16.2,4.9,29.7
"Warren (A)",39.3,544,2699,945,41.6,0.3,4.4,8.9,36.2
"Warrnambool (C)",11.7,1898,9417,961,39.7,283.1,8.1,11.4,41
"Warrumbungle Shire (A)",38.3,1857,7247,912,47.6,0.8,5.9,7.2,29.6
"Wattle Range (DC)",27.6,1732,9020,918,45.3,3.1,8.3,6.1,31.7
"Waverley (A)",9.5,1103,5217,1140,35.3,7701.3,38.5,31.1,73.1
"Weddin (A)",20,408,2146,948,50.1,1.1,5.6,7.6,30.4
"Weipa (T)",0.3,7,65,1047,31.6,373.3,10.1,10.2,47.8
"Wellington (S)",22.5,5309,25258,954,42.9,4,10.6,8.3,33.5
"Wentworth (A)",20.9,779,11312,943,43.7,0.3,5.3,7.1,28.8
"West Arthur (S)",21.3,100,380,988,46.1,0.3,9.8,7.7,39.9
"West Torrens (C)",26.2,6701,34079,998,37.3,1603.9,30.6,17.9,57.7
"West Wimmera (S)",20.5,463,1903,977,47.7,0.4,5.9,7.9,32.6
"Western Downs (R)",23.7,4020,179224,942,37,0.9,7.1,7.5,36.1
"Westonia (S)",37.7,51,191,1006,39,0.1,18.1,10.4,37.5
"Whitehorse (C)",12.2,7814,28552,1063,37.8,2639.1,38.4,23.5,67
"Whitsunday (R)",29.2,4639,460624,945,38.1,1.5,15.3,7.3,37.9
"Whittlesea (C)",16.5,13190,57002,982,33.8,422.8,35.5,12.6,54.1
"Whyalla (C)",31.5,3621,21627,874,39.6,21,18.4,6.8,34.1
"Wickepin (S)",20.7,85,302,983,45.9,0.4,8.8,6.8,39.4
"Williams (S)",18.1,94,513,1019,42.2,0.4,9.2,9.5,48.2
"Willoughby (C)",11.7,1945,8861,1136,36.9,3473.1,45.4,31.1,77.1
"Wiluna (S)",2.1,11,243,770,35,0,22,8.6,33
"Wingecarribee (A)",19.6,4604,21816,1022,46.3,18.2,15.8,13.6,46.1
"Winton (S)",10.7,99,624,941,45.5,0,4.7,7.1,34.9
"Wodonga (C)",21.1,3926,18445,957,35.6,92.7,10,9.2,39.9
"Wollondilly (A)",23,4514,21973,1030,36.7,19.5,11.8,8.9,38.7
"Wollongong (C)",16.6,11916,50725,990,38.3,307.6,21.5,13.2,46.3
"Wongan-Ballidu (S)",16.5,144,854,962,40.6,0.4,12.9,7.2,41.4
"Woodanilling (S)",29,61,216,1005,40.8,0.4,12.2,12.3,48.4
"Woollahra (A)",6.1,713,3892,1165,38.8,4703.2,32.4,33.1,76.2
"Woorabinda (S)",3.4,11,49,636,23.1,2.6,1.5,3,19.5
"Wudinna (DC)",28.4,223,1505,982,40.9,0.3,4.2,7.9,34.2
"Wujal Wujal (S)",14,22,144,694,28.7,24.7,1.4,4.6,26.3
"Wyalkatchem (S)",24,75,247,906,51.9,0.3,10.1,6.2,35.1
"Wyndham (C)",23,19508,89986,1002,32.1,418.8,41.5,15.5,58.2
"Yankalilla (DC)",40.2,1647,6957,950,53.5,7,17.7,8.7,37.9
"Yarra (C)",9,2215,10909,1081,33.4,4753.4,28.9,31.2,73.6
"Yarra Ranges (S)",18,11365,50728,1017,39.3,62.9,16.3,12,47.1
"Yarrabah (S)",19,276,1726,651,22.9,17,0.1,2.3,26.7
"Yarriambiack (S)",25.6,899,3814,932,49.9,0.9,5.9,6.4,28.4
"Yass Valley (A)",25.9,1925,10652,1062,41.4,4.1,10.3,15.2,52.4
"Yorke Peninsula (DC)",35.4,3646,13544,931,54.7,1.9,9.3,5.8,29.5
